d,n,p,g,n7,n7g,n7g6
2020-02-26,1,8932664,0,0.142857142857143,,
2020-02-27,2,8932664,0,0.428571428571429,,
2020-02-28,4,8932664,0,1,1.56669890360128,
2020-02-29,1,8932664,0,1.14285714285714,1.43372087784044,
2020-03-01,4,8932664,0,1.71428571428571,1.38777733297742,
2020-03-02,5,8932664,0,2.42857142857143,1.43319714416896,
2020-03-03,6,8932664,0,3.28571428571429,1.40054934277178,1.38677340680752
2020-03-04,14,8932664,0,5.14285714285714,1.3907589749183,1.35703803649865
2020-03-05,9,8932664,2,6.14285714285714,1.40377641926844,1.35434296400372
2020-03-06,29,8932664,2,9.71428571428571,1.36027208162721,1.34436380145376
2020-03-07,23,8932664,2,12.8571428571429,1.29099444873581,1.33971710153107
2020-03-08,28,8932664,2,16.2857142857143,1.25,1.34210009726047
2020-03-09,22,8932664,2,18.7142857142857,1.32259356241564,1.34911608363725
2020-03-10,55,8932664,3,25.7142857142857,1.38818544277392,1.34913504573775
2020-03-11,109,8932664,5,39.2857142857143,1.40452705411245,1.33848898091925
2020-03-12,98,8932664,8,52,1.39114590726025,1.32249981023244
2020-03-13,182,8932664,8,73.8571428571429,1.3462108813348,1.30260345104245
2020-03-14,210,8932664,10,100.571428571429,1.29449209313144,1.27813498407212
2020-03-15,198,8932664,14,124.857142857143,1.25904839619524,1.25524014761088
2020-03-16,226,8932664,26,154,1.23926109932054,1.23421100211647
2020-03-17,346,8932664,28,195.571428571429,1.22578932530804,1.21375111345002
2020-03-18,372,8932664,30,233.142857142857,1.20644262190581,1.19569609124025
2020-03-19,455,8932664,35,284.142857142857,1.18084240165871,1.17758282659732
2020-03-20,509,8932664,47,330.857142857143,1.16385401711358,1.16317726100045
2020-03-21,547,8932664,58,379,1.15355904771872,1.14999396988524
2020-03-22,618,8932664,78,439,1.14351865602945,1.13496914197798
2020-03-23,686,8932664,134,504.714285714286,1.12584345743879,1.11760440604834
2020-03-24,723,8932664,224,558.571428571429,1.11603343140231,1.10040886341869
2020-03-25,755,8932664,320,613.285714285714,1.10696653734072,1.08246898108297
2020-03-26,1057,8932664,481,699.285714285714,1.08259456586706,1.06263803032669
2020-03-27,807,8932664,702,741.857142857143,1.04312144895835,1.03975850784874
2020-03-28,617,8932664,898,751.857142857143,1.00911099311085,1.01717229570723
2020-03-29,547,8932664,1150,741.714285714286,0.991206222262111,0.996268427104803
2020-03-30,671,8932664,1521,739.571428571429,0.978988574220584,0.976592853992217
2020-03-31,551,8932664,1898,715,0.953791227269678,0.957262710470583
2020-04-01,550,8932664,2242,685.714285714286,0.923122917296423,0.939124586257181
2020-04-02,438,8932664,2628,597.285714285714,0.90239365817492,0.924550203858481
2020-04-03,412,8932664,3100,540.857142857143,0.896718646778127,0.914742221397588
2020-04-04,253,8932664,3633,488.857142857143,0.897455452111142,0.908422179608376
2020-04-05,183,8932664,3979,436.857142857143,0.892748455715357,0.905480754693072
2020-04-06,306,8932664,4694,384.714285714286,0.891778404889606,0.906928855125099
2020-04-07,289,8932664,5215,347.285714285714,0.898884395074056,0.910814162352321
2020-04-08,290,8932664,5825,310.142857142857,0.916978678699705,0.917348090355917
2020-04-09,276,8932664,6423,287,0.942051109786677,0.922969023894079
2020-04-10,357,8932664,7060,279.142857142857,0.963128529022487,0.926725642240243
2020-04-11,203,8932664,7462,272,0.954834834909529,0.92517932056498
2020-04-12,111,8932664,7779,261.714285714286,0.929784448818853,0.918702089402201
2020-04-13,87,8932664,8087,230.428571428571,0.906860909768062,0.909320517678163
2020-04-14,150,8932664,8644,210.571428571429,0.894177138281294,0.900676613346866
2020-04-15,128,8932664,9136,187.428571428571,0.872530451329572,0.890357870079579
2020-04-16,111,8932664,9593,163.857142857143,0.841342140877765,0.880728044236618
2020-04-17,100,8932664,10016,127.142857142857,0.832312503040312,0.875314503349541
2020-04-18,60,8932664,10272,106.714285714286,0.867268800553665,0.878430474520072
2020-04-19,47,8932664,10435,97.5714285714286,0.912319892475713,0.887890947261285
2020-04-20,68,8932664,10822,94.8571428571429,0.921203067046259,0.897618506105249
2020-04-21,70,8932664,11254,83.4285714285714,0.90770338064798,0.909131682708858
2020-04-22,73,8932664,11514,75.5714285714286,0.907667581740164,0.923215883267802
2020-04-23,60,8932664,11761,68.2857142857143,0.936044071657676,0.938897066804642
2020-04-24,79,8932664,12025,65.2857142857143,0.9648890759884,0.951101812550885
2020-04-25,62,8932664,12163,65.5714285714286,0.985912245346244,0.957880180551773
2020-04-26,35,8932664,12273,63.8571428571429,0.985589492183222,0.961125632637945
2020-04-27,70,8932664,12471,64.1428571428572,0.976853900250915,0.963114606592843
2020-04-28,49,8932664,12641,61.1428571428572,0.973205995339917,0.959772321929748
2020-04-29,61,8932664,12816,59.4285714285714,0.960954668394913,0.955568682463145
2020-04-30,54,8932664,13020,58.5714285714286,0.941680604263766,0.948392046710814
2020-05-01,37,8932664,13132,52.5714285714286,0.92109104339243,0.940932740514977
2020-05-02,28,8932664,13212,47.7142857142857,0.907601788888852,0.939081362820422
2020-05-03,12,8932664,13270,44.4285714285714,0.92032012971838,0.940693859050818
2020-05-04,30,8932664,13420,38.7142857142857,0.939199696480464,0.947293634346317
2020-05-05,54,8932664,13544,39.4285714285714,0.954684194601498,0.959514494378115
2020-05-06,46,8932664,13663,37.2857142857143,0.972391153011711,0.970923371245501
2020-05-07,38,8932664,13782,35,0.987776961063673,0.985877228710868
2020-05-08,50,8932664,13949,36.8571428571429,1.01106444349533,1.00008518976199
2020-05-09,30,8932664,14023,37.1428571428572,1.03794332378092,1.01311201463797
2020-05-10,15,8932664,14080,37.5714285714286,1.04016643994665,1.0225047272015
2020-05-11,66,8932664,14173,42.7142857142857,1.0293739386618,1.02544657137502
2020-05-12,38,8932664,14262,40.4285714285714,1.01875896191651,1.02676834001128
2020-05-13,52,8932664,14339,41.2857142857143,1.0333141980624,1.02907961841972
2020-05-14,54,8932664,14414,43.5714285714286,1.04734011796121,1.02638634541057
2020-05-15,81,8932664,14484,48,1.03123268965595,1.019499377979
2020-05-16,15,8932664,14537,45.8571428571429,1.007766101629,1.00795095722652
2020-05-17,26,8932664,14562,47.4285714285714,1.00655083850516,0.997677083028054
2020-05-18,58,8932664,14613,46.2857142857143,1.00866258218905,0.990332504753945
2020-05-19,60,8932664,14682,49.4285714285714,0.984916179296249,0.978042258404469
2020-05-20,30,8932664,14733,46.2857142857143,0.938233281301002,0.96240154115134
2020-05-21,32,8932664,14789,43.1428571428572,0.912307254574341,0.952464513148072
2020-05-22,28,8932664,14839,35.5714285714286,0.938083151964686,0.948748216237791
2020-05-23,24,8932664,14886,36.8571428571429,0.963486663788295,0.949755577926576
2020-05-24,31,8932664,14925,37.5714285714286,0.943191597508369,0.951174471139732
2020-05-25,25,8932664,14983,32.8571428571429,0.918807772624912,0.951349462189551
2020-05-26,22,8932664,15070,27.4285714285714,0.938238760019495,0.959768959083489
2020-05-27,50,8932664,15144,30.2857142857143,0.992082219041113,0.968967650886774
2020-05-28,19,8932664,15225,28.4285714285714,1.02457368879993,0.976048993591867
2020-05-29,42,8932664,15282,30.4285714285714,1.0039984165888,0.977975728116298
2020-05-30,32,8932664,15314,31.5714285714286,0.977632953992968,0.981400286944305
2020-05-31,5,8932664,15349,27.8571428571429,0.94943711882742,0.987291084614443
2020-06-01,19,8932664,15379,27,0.960371828817764,0.995971850217896
2020-06-02,16,8932664,15448,26.1428571428571,0.98757715747951,1.00223021014446
2020-06-03,53,8932664,15485,26.5714285714286,1.01864341582428,1.01099672213746
2020-06-04,17,8932664,15533,26.2857142857143,1.04249665547315,1.01588831795742
2020-06-05,67,8932664,15565,29.8571428571429,1.05545707506544,1.02016954400845
2020-06-06,31,8932664,15589,29.7142857142857,1.05505675616786,1.01946147962945
2020-06-07,25,8932664,15616,32.5714285714286,1.03654165601348,1.0121235506895
2020-06-08,24,8932664,15670,33.2857142857143,1.00670398568706,1.00046533300671
2020-06-09,15,8932664,15699,33.1428571428572,0.978115512968666,0.99113464991778
2020-06-10,34,8932664,15735,30.4285714285714,0.955499529582536,0.984957587917478
2020-06-11,22,8932664,15765,31.1428571428571,0.939336436627724,0.979990055697117
2020-06-12,37,8932664,15791,26.8571428571429,0.933144838262577,0.981512823692825
2020-06-13,22,8932664,15817,25.5714285714286,0.971385476311924,0.989323339172591
2020-06-14,18,8932664,15834,24.5714285714286,1.03554633658439,1.00242428392943
2020-06-15,53,8932664,15867,28.7142857142857,1.0494995356656,1.01476819966672
2020-06-16,19,8932664,15889,29.2857142857143,1.03485953445642,1.0208102678859
2020-06-17,31,8932664,15926,28.8571428571429,1.02677958481335,1.02704225067868
2020-06-18,32,8932664,15957,30.2857142857143,1.04502823237558,1.03328313599335
2020-06-19,52,8932664,15992,32.4285714285714,1.0539280955441,1.0339434408917
2020-06-20,32,8932664,16027,33.8571428571429,1.02556089430564,1.03298593831058
2020-06-21,29,8932664,16040,35.4285714285714,1.00839175551185,1.03034804155791
2020-06-22,31,8932664,16079,32.2857142857143,1.01327337153263,1.03554450710316
2020-06-23,43,8932664,16115,35.7142857142857,1.03127877492083,1.04169973853045
2020-06-24,35,8932664,16138,36.2857142857143,1.05206906383017,1.04932638685554
2020-06-25,44,8932664,16171,38,1.05375025997131,1.0601581249756
2020-06-26,74,8932664,16196,41.1428571428572,1.06937568535835,1.07075156713279
2020-06-27,45,8932664,16227,43,1.07551157418172,1.08217099646371
2020-06-28,63,8932664,16249,47.8571428571429,1.09059338866231,1.09280100899421
2020-06-29,49,8932664,16285,50.4285714285714,1.11746861122259,1.09743787499586
2020-06-30,101,8932664,16317,58.7142857142857,1.12422250962049,1.09865512744225
2020-07-01,95,8932664,16349,67.2857142857143,1.11812451415296,1.09244447876791
2020-07-02,80,8932664,16392,72.4285714285714,1.1063010837168,1.08389575417178
2020-07-03,133,8932664,16438,80.8571428571429,1.08987331107652,1.07248205626702
2020-07-04,106,8932664,16461,89.5714285714286,1.06494959836549,1.05660000238884
2020-07-05,77,8932664,16490,91.5714285714286,1.03140437445374,1.0406967647282
2020-07-06,68,8932664,16529,94.2857142857143,1.01390744092111,1.02476885123958
2020-07-07,91,8932664,16575,92.8571428571429,1.00892988765117,1.01329740337298
2020-07-08,117,8932664,16620,96,0.997474105589662,1.00551369066917
2020-07-09,72,8932664,16672,94.8571428571429,0.983243292171988,0.999478487200277
2020-07-10,105,8932664,16733,90.8571428571429,0.968834853641647,0.999670057635117
2020-07-11,90,8932664,16787,88.5714285714286,0.978945010372561,1.00435469274568
2020-07-12,52,8932664,16833,85,1.00673045690389,1.01064582665735
2020-07-13,98,8932664,16918,89.2857142857143,1.02972136374678,1.0185081205282
2020-07-14,122,8932664,17031,93.7142857142857,1.04916455747262,1.02336112197944
2020-07-15,131,8932664,17111,95.7142857142857,1.05390343729926,1.02787609661126
2020-07-16,141,8932664,17221,105.571428571429,1.04290523621235,1.02989893295042
2020-07-17,124,8932664,17363,108.285714285714,1.02821299634434,1.02721046538833
2020-07-18,81,8932664,17424,107,1.01392793946572,1.02468463974578
2020-07-19,87,8932664,17479,112,1.01301008727806,1.02140695288322
2020-07-20,90,8932664,17581,110.857142857143,1.01717600903077,1.01895412217954
2020-07-21,137,8932664,17711,113,1.01268013452929,1.01753474757051
2020-07-22,162,8932664,17801,117.428571428571,1.01206617400292,1.01567353490026
2020-07-23,117,8932664,17891,114,1.01482172194581,1.01418266326534
2020-07-24,153,8932664,17994,118.142857142857,1.02222942810211,1.01513021408041
2020-07-25,112,8932664,18080,122.571428571429,1.02486210186017,1.01322758188442
2020-07-26,101,8932664,18141,124.571428571429,1.01686982803339,1.0097687445187
2020-07-27,96,8932664,18296,125.428571428571,0.999616490877554,1.00470538997068
2020-07-28,153,8932664,18443,127.714285714286,0.998296582467259,0.999410798612019
2020-07-29,102,8932664,18559,119.142857142857,1.00229973473517,0.994213184071756
2020-07-30,190,8932664,18682,129.571428571429,0.995435502987115,0.989659459350059
2020-07-31,123,8932664,18813,125.285714285714,0.97720388124263,0.982503976690345
2020-08-01,62,8932664,18909,118.142857142857,0.961933454503158,0.977258800845549
2020-08-02,70,8932664,19003,113.714285714286,0.961665222413705,0.975923385040293
2020-08-03,93,8932664,19186,113.285714285714,0.974849283647382,0.975841961779575
2020-08-04,83,8932664,19346,103.285714285714,0.978134655783288,0.980358552515401
2020-08-05,159,8932664,19499,111.428571428571,0.971053165831346,0.987144250644637
2020-08-06,119,8932664,19623,101.285714285714,0.975050422955452,0.997348516988468
2020-08-07,90,8932664,19760,96.5714285714286,0.988151515717026,1.01389961098699
2020-08-08,104,8932664,19851,102.571428571429,1.02813488460489,1.03532439510213
2020-08-09,72,8932664,19920,102.857142857143,1.06416649596096,1.05464355490794
2020-08-10,158,8932664,20059,112.142857142857,1.08043575954303,1.07265185790606
2020-08-11,187,8932664,20156,127,1.09357506955332,1.08400517343748
2020-08-12,191,8932664,20291,131.571428571429,1.12529165562175,1.09422674268618
2020-08-13,251,8932664,20388,150.428571428571,1.14126242213255,1.09917706022731
2020-08-14,349,8932664,20498,187.428571428571,1.12204165707834,1.09405778433583
2020-08-15,156,8932664,20580,194.857142857143,1.08464501733192,1.08474718567532
2020-08-16,169,8932664,20654,208.714285714286,1.0601900304439,1.07479706003339
2020-08-17,259,8932664,20765,223.142857142857,1.06458843209335,1.06441417153869
2020-08-18,252,8932664,20907,232.428571428571,1.06488426348766,1.05447502322669
2020-08-19,347,8932664,21038,254.714285714286,1.04811826173733,1.04326122789962
2020-08-20,331,8932664,21182,266.142857142857,1.02759203098088,1.03174654789071
2020-08-21,302,8932664,21391,259.428571428571,1.01408968220722,1.02338084866792
2020-08-22,229,8932664,21539,269.857142857143,1.01142894251011,1.01689375723703
2020-08-23,192,8932664,21697,273.142857142857,1.01185777210548,1.01092691098669
2020-08-24,242,8932664,21898,270.714285714286,1.00516573064715,1.00685573642934
2020-08-25,301,8932664,22127,277.714285714286,0.993020329983599,1.00306751063593
2020-08-26,319,8932664,22351,273.714285714286,0.989080257983787,1.00089210195989
2020-08-27,226,8932664,22612,258.714285714286,0.995847488357031,1.0027871520583
2020-08-28,394,8932664,22951,271.857142857143,1.01095245525449,1.00593973330151
2020-08-29,236,8932664,23128,272.857142857143,1.01298468896887,1.008567188774
2020-08-30,223,8932664,23336,277.285714285714,1.00104220976697,1.0107433218983
2020-08-31,221,8932664,23572,274.285714285714,1.00596040349066,1.01425667723136
2020-09-01,286,8932664,23790,272.142857142857,1.02652980514947,1.02073928602093
2020-09-02,429,8932664,24049,287.857142857143,1.03970820458672,1.02834957650725
2020-09-03,367,8932664,24366,308,1.02799843230759,1.0340357568402
2020-09-04,380,8932664,24742,306,1.01719728743184,1.04149728792877
2020-09-05,217,8932664,24962,303.285714285714,1.03150798415861,1.0539348481265
2020-09-06,367,8932664,25134,323.857142857143,1.06559224567738,1.06576545296612
2020-09-07,396,8932664,25450,348.857142857143,1.09019474873251,1.07339192915456
2020-09-08,552,8932664,25762,386.857142857143,1.09418899730232,1.07885415480086
2020-09-09,691,8932664,26021,424.285714285714,1.10551684188199,1.08139123371053
2020-09-10,599,8932664,26243,457.428571428572,1.10806828098061,1.08208612130992
2020-09-11,930,8932664,26619,536,1.08566007538017,1.07726161573824
2020-09-12,414,8932664,26851,564.142857142857,1.06493733826928,1.06787660501785
2020-09-13,414,8932664,27110,570.857142857143,1.05447097470963,1.06068660101751
2020-09-14,820,8932664,27392,631.428571428572,1.05501708964451,1.05259405599576
2020-09-15,722,8932664,27759,655.714285714286,1.04867688287421,1.04275161289238
2020-09-16,854,8932664,28096,679,1.03055830744926,1.03354117058694
2020-09-17,806,8932664,28508,708.571428571429,1.02479230036956,1.02416114316269
2020-09-18,874,8932664,28998,700.571428571429,1.02226027858389,1.01693035505816
2020-09-19,667,8932664,29343,736.714285714286,1.01079322771992,1.00941073727052
2020-09-20,471,8932664,29726,744.857142857143,0.996294279480564,1.00050918529741
2020-09-21,582,8932664,30401,710.857142857143,0.984336836134891,0.995077872486962
2020-09-22,718,8932664,31031,710.285714285714,0.98354084409664,0.992455094630647
2020-09-23,804,8932664,31683,703.142857142857,0.982564888059209,0.991077104795103
2020-09-24,657,8932664,32277,681.857142857143,0.977625186694248,0.991870265809748
2020-09-25,762,8932664,33137,665.857142857143,0.984096158600919,0.994335182110439
2020-09-26,590,8932664,33710,654.857142857143,1.0013544828878,1.00018563118906
2020-09-27,545,8932664,34137,665.428571428572,1.01513398870924,1.00696247780257
2020-09-28,738,8932664,34937,687.714285714286,1.01822465381957,1.01228706966198
2020-09-29,759,8932664,35681,693.571428571429,1.01623589520804,1.01744731158091
2020-09-30,853,8932664,36397,700.571428571429,1.02225963106782,1.0232529601166
2020-10-01,790,8932664,37047,719.571428571429,1.03144006764266,1.02906148379843
2020-10-02,1013,8932664,37904,755.428571428571,1.0349465306771,1.03354484297173
2020-10-03,718,8932664,38479,773.714285714286,1.03373625004078,1.03673213219325
2020-10-04,737,8932664,38912,801.142857142857,1.03639626317386,1.03979477248742
2020-10-05,927,8932664,39498,828.142857142857,1.04727445408405,1.04213964846139
2020-10-06,1078,8932664,40167,873.714285714286,1.05509978007596,1.04315899662081
2020-10-07,1273,8932664,40896,933.714285714286,1.05376111547246,1.04221803480261
2020-10-08,1107,8932664,41615,979,1.04603106035915,1.03972993873951
2020-10-09,1257,8932664,42391,1013.85714285714,1.03568092104835,1.03776409698351
2020-10-10,1013,8932664,43079,1056,1.0285266727139,1.03620826068542
2020-10-11,830,8932664,43666,1069.28571428571,1.02590014241724,1.03565118290201
2020-10-12,1142,8932664,44514,1100,1.02556245958325,1.03582428911906
2020-10-13,1320,8932664,45298,1134.57142857143,1.03062039868804,1.03703371990105
2020-10-14,1435,8932664,46171,1157.71428571429,1.03992562044113,1.04006612981704
2020-10-15,1522,8932664,46957,1217,1.05038932233504,1.04518907262111
2020-10-16,1795,8932664,48073,1293.85714285714,1.05306998166923,1.05197271682997
2020-10-17,1483,8932664,48898,1361,1.04890910417533,1.05975669708383
2020-10-18,1197,8932664,49570,1413.42857142857,1.04904653401163,1.0679559862621
2020-10-19,1646,8932664,50621,1485.42857142857,1.06329106090976,1.07610865655298
2020-10-20,1970,8932664,51664,1578.28571428571,1.09078930807646,1.08328723011232
2020-10-21,2654,8932664,52527,1752.42857142857,1.11305837271066,1.08960172252717
2020-10-22,3229,8932664,53548,1996.28571428571,1.11684303156543,1.09277501026782
2020-10-23,3347,8932664,54763,2218,1.10316161416309,1.09336449097732
2020-10-24,2969,8932664,55791,2430.28571428571,1.08475139387572,1.09276668581602
2020-10-25,2476,8932664,56742,2613,1.08238422384061,1.09093020587174
2020-10-26,2782,8932664,57816,2775.28571428571,1.08892905647798,1.08903219704827
2020-10-27,4374,8932664,59283,3118.71428571429,1.09127669156141,1.0858980640097
2020-10-28,4462,8932664,61152,3377,1.08851374185254,1.08206231424676
2020-10-29,5036,8932664,62992,3635.14285714286,1.08107388278066,1.07933269713352
2020-10-30,5710,8932664,65417,3972.71428571429,1.07621736473749,1.07611876328558
2020-10-31,4786,8932664,67502,4232.28571428572,1.07221653173374,1.07299516473156
2020-11-01,4477,8932664,69385,4518.14285714286,1.06842436284431,1.06870079492808
2020-11-02,5186,8932664,71826,4861.57142857143,1.06800875942741,1.06330235049763
2020-11-03,6352,8932664,74413,5144.14285714286,1.06455542436583,1.05809856130375
2020-11-04,7098,8932664,77307,5520.71428571429,1.06012383169551,1.0522741963779
2020-11-05,6954,8932664,80264,5794.71428571429,1.04976959163747,1.04665539042072
2020-11-06,8086,8932664,84285,6134.14285714286,1.03616638485161,1.04122903116427
2020-11-07,5316,8932664,87879,6209.85714285714,1.02729522061783,1.03531422127822
2020-11-08,5742,8932664,91280,6390.57142857143,1.02355178841211,1.02990341576229
2020-11-09,6246,8932664,95512,6542,1.02797137633451,1.02443049543669
2020-11-10,7422,8932664,99930,6694.85714285714,1.03094585954824,1.01913969827736
2020-11-11,9174,8932664,104737,6991.42857142857,1.02338164447781,1.0139082048155
2020-11-12,8237,8932664,110047,7174.71428571429,1.00768479873677,1.00682596959057
2020-11-13,6997,8932664,116454,7019.14285714286,0.991745944318323,1.00019687029107
2020-11-14,5105,8932664,122579,6989,0.986665888980123,0.994247146589478
2020-11-15,4621,8932664,127962,6828.85714285714,0.990683951896638,0.989608797924602
2020-11-16,6071,8932664,134189,6803.85714285714,0.985991438964994,0.9849809259684
2020-11-17,7520,8932664,140636,6817.85714285714,0.974911257923205,0.980058649882107
2020-11-18,6433,8932664,146680,6426.28571428572,0.966717544858902,0.976302899600483
2020-11-19,6605,8932664,152868,6193.14285714286,0.973812070788792,0.974786712225289
2020-11-20,6459,8932664,160506,6116.28571428572,0.981553073134273,0.972940853022255
2020-11-21,5153,8932664,166965,6123.14285714286,0.975372567075921,0.969840587984033
2020-11-22,2439,8932664,172767,5811.42857142857,0.96357659300177,0.966184855757328
2020-11-23,4600,8932664,179128,5601.28571428572,0.95956150559943,0.964387609374617
2020-11-24,5741,8932664,185788,5347.14285714286,0.962163175410699,0.963666860352712
2020-11-25,5388,8932664,191740,5197.85714285714,0.958090696711803,0.96190373852634
2020-11-26,5014,8932664,197541,4970.57142857143,0.952416893212501,0.959411743909031
2020-11-27,4235,8932664,204275,4652.85714285714,0.956055722742344,0.957920738551744
2020-11-28,3738,8932664,209704,4450.71428571429,0.967078547996756,0.958511572319031
2020-11-29,2390,8932664,214882,4443.71428571429,0.969056529360547,0.958209682643088
2020-11-30,3372,8932664,220666,4268.28571428571,0.955942388470322,0.957471259018956
2020-12-01,3932,8932664,226495,4009.85714285714,0.943141151950223,0.957030863065034
2020-12-02,3571,8932664,232416,3750.28571428571,0.946257131135695,0.957617950993397
2020-12-03,3655,8932664,237742,3556.14285714286,0.956781905986678,0.958813228761797
2020-12-04,3589,8932664,243487,3463.85714285714,0.968191038971995,0.959652296631012
2020-12-05,2866,8932664,248187,3339.28571428571,0.972737386891824,0.959984144847543
2020-12-06,2065,8932664,251845,3292.85714285714,0.967324720912984,0.961313743154964
2020-12-07,2512,8932664,256422,3170,0.95727424007236,0.963295477191919
2020-12-08,2631,8932664,260801,2984.14285714286,0.951841323628462,0.966253185153661
2020-12-09,2480,8932664,264708,2828.28571428571,0.956278165310471,0.9704371215446
2020-12-10,3083,8932664,268746,2746.57142857143,0.966309444855873,0.975275714811896
2020-12-11,2838,8932664,272576,2639.28571428571,0.981480366400537,0.97976846552643
2020-12-12,2634,8932664,275885,2606.14285714286,0.998828500123206,0.983855175134491
2020-12-13,2493,8932664,278618,2667.28571428571,1.01081015429691,0.986086568293197
2020-12-14,2740,8932664,281872,2699.85714285714,1.00926494771466,0.985006856151178
2020-12-15,2755,8932664,285654,2717.57142857143,0.992515236556183,0.980900851185128
2020-12-16,2387,8932664,288742,2704.28571428571,0.973104509209543,0.974884669248363
2020-12-17,1949,8932664,291780,2542.28571428571,0.95536167138711,0.970125062663177
2020-12-18,2151,8932664,294711,2444.14285714286,0.943504924071906,0.966581700774415
2020-12-19,1503,8932664,297173,2282.57142857143,0.940603832565381,0.963746707346161
2020-12-20,1352,8932664,299706,2119.57142857143,0.947741440783164,0.964101374660634
2020-12-21,2106,8932664,302647,2029,0.973697813335323,0.968136428656371
2020-12-22,2558,8932664,305886,2000.85714285714,0.997208387984001,0.97398234430969
2020-12-23,2853,8932664,309013,2067.42857142857,0.99506761366966,0.980376902643683
2020-12-24,1805,8932664,311612,2046.85714285714,0.977626649739269,0.984495434482212
2020-12-25,1284,8932664,313897,1923,0.97351403954784,0.98968688048861
2020-12-26,1165,8932664,315833,1874.71428571429,0.989791953426404,0.995819949166562
2020-12-27,1697,8932664,317774,1924,1.01008595884828,1.00093536473588
2020-12-28,2128,8932664,319795,1927.14285714286,1.01339547313496,1.00467948653147
2020-12-29,2974,8932664,321880,1986.57142857143,1.00938964865083,1.00757640967416
2020-12-30,2713,8932664,324036,1966.57142857143,1.01012800335365,1.01078890900949
2020-12-31,2002,8932664,326112,1994.71428571429,1.01598843334828,1.01258868363892
2021-01-01,1592,8932664,328482,2038.71428571429,1.02306728354819,1.01198406126579
2021-01-02,1637,8932664,330723,2106.14285714286,1.02100014976235,1.01061999487782
2021-01-03,1900,8932664,332673,2135.14285714286,1.01347832120491,1.00863709541935
2021-01-04,2294,8932664,334719,2158.85714285714,0.998570438635625,1.00530126276253
2021-01-05,2957,8932664,336890,2156.42857142857,0.987452563446258,1.00150566593509
2021-01-06,2084,8932664,338735,2066.57142857143,0.993543502171915,0.997240510241497
2021-01-07,2002,8932664,340998,2066.57142857143,1.00776056075305,0.993595318408535
2021-01-08,2292,8932664,343581,2166.57142857143,1.00808559359635,0.988502418015294
2021-01-09,1552,8932664,345668,2154.42857142857,0.987781231690524,0.98174234361454
2021-01-10,1386,8932664,347553,2081,0.964977833860454,0.975645404490802
2021-01-11,1706,8932664,349818,1997,0.956571839149004,0.970747596893546
2021-01-12,2162,8932664,351868,1883.42857142857,0.957145488533976,0.967842781732857
2021-01-13,1657,8932664,353992,1822.42857142857,0.957527397746336,0.965032245407677
2021-01-14,1534,8932664,356040,1755.57142857143,0.959158123313996,0.963907052345781
2021-01-15,1558,8932664,358259,1650.71428571429,0.961457733158884,0.966706867861306
2021-01-16,1324,8932664,360078,1618.14285714286,0.970902475220092,0.97129535479492
2021-01-17,1011,8932664,361760,1564.57142857143,0.975493291029785,0.976269155570438
2021-01-18,1629,8932664,363672,1553.57142857143,0.977764494100635,0.981216963247994
2021-01-19,1656,8932664,365532,1481.28571428571,0.989587358833381,0.98553340494096
2021-01-20,1740,8932664,367154,1493.14285714286,1.00100908199236,0.98995485438872
2021-01-21,1790,8932664,368730,1529.71428571429,1.00504610314511,0.992161536604268
2021-01-22,1450,8932664,370451,1514.28571428571,0.997730421988934,0.991617250388159
2021-01-23,1264,8932664,371849,1505.71428571429,0.991153408472093,0.991021884909181
2021-01-24,947,8932664,373146,1496.57142857143,0.989331374629305,0.989468070906544
2021-01-25,1424,8932664,374722,1467.28571428571,0.985690439539292,0.988772285724853
2021-01-26,1583,8932664,376261,1456.85714285714,0.979479220990871,0.987076802862308
2021-01-27,1471,8932664,377730,1418.42857142857,0.978198427029138,0.986473556519368
2021-01-28,1422,8932664,379336,1365.85714285714,0.981333460013114,0.98807480632477
2021-01-29,1486,8932664,381037,1371,0.992424983021257,0.989907753574667
2021-01-30,1099,8932664,382573,1347.42857142857,0.997741415820578,0.991640747460945
2021-01-31,1134,8932664,383983,1374.14285714286,0.997361081024558,0.993338222801401
2021-02-01,1215,8932664,385508,1344.28571428571,0.99883984562532,0.994259864180927
2021-02-02,1641,8932664,387027,1352.57142857143,0.997364671537106,0.995454711128039
2021-02-03,1520,8932664,388311,1359.57142857143,0.995198899085492,0.995287961787471
2021-02-04,1267,8932664,389677,1337.42857142857,0.992013118443183,0.994836289697158
2021-02-05,1368,8932664,391220,1320.57142857143,0.992253894669804,0.995936866672691
2021-02-06,1145,8932664,392557,1327.14285714286,0.995004730408851,0.996556749778486
2021-02-07,999,8932664,393616,1307.85714285714,0.993496131075319,0.997941950559776
2021-02-08,1233,8932664,394951,1310.42857142857,0.994644941855729,0.999534287152325
2021-02-09,1470,8932664,396201,1286,1.00485466325006,1.00234934795358
2021-02-10,1666,8932664,397559,1306.85714285714,1.01122782186744,1.00581773013224
2021-02-11,1565,8932664,398975,1349.42857142857,1.01023892874108,1.0082991122961
2021-02-12,1268,8932664,400390,1335.14285714286,1.00567466501547,1.01032215241179
2021-02-13,1171,8932664,401728,1338.85714285714,1.00980493545504,1.01459665866269
2021-02-14,1167,8932664,402847,1362.85714285714,1.01899991078281,1.01907405944882
2021-02-15,1500,8932664,404163,1401,1.02258693612009,1.02250894470517
2021-02-16,1658,8932664,405489,1427.85714285714,1.02117850287223,1.02518952387747
2021-02-17,1900,8932664,406756,1461.28571428571,1.0290314851076,1.02779969523947
2021-02-18,1710,8932664,408019,1482,1.04262386027777,1.03133318541246
2021-02-19,2091,8932664,409512,1599.57142857143,1.04366914442215,1.0325301237445
2021-02-20,1665,8932664,410843,1670.14285714286,1.03438857001975,1.03173290081036
2021-02-21,1226,8932664,412088,1678.57142857143,1.02451333649198,1.03135715197799
2021-02-22,1898,8932664,413309,1735.42857142857,1.0280562259965,1.03092953407784
2021-02-23,1969,8932664,414579,1779.85714285714,1.03118575450352,1.03007796988722
2021-02-24,2448,8932664,415840,1858.14285714286,1.02864797607875,1.02893452537729
2021-02-25,1897,8932664,417070,1884.85714285714,1.02921624734919,1.0267575440138
2021-02-26,2496,8932664,418574,1942.71428571429,1.02841537860671,1.02596068900041
2021-02-27,2225,8932664,420096,2022.71428571429,1.02621194651578,1.02485662911318
2021-02-28,1403,8932664,421420,2048,1.02343425984796,1.02273458322105
2021-03-01,2194,8932664,423003,2090.28571428571,1.01951874026547,1.02146787917784
2021-03-02,2459,8932664,424511,2160.28571428571,1.01837283881183,1.02000292666571
2021-03-03,2399,8932664,426113,2153.28571428571,1.01741588096672,1.01880722654733
2021-03-04,2354,8932664,427876,2218.57142857143,1.01550581007728,1.01798254206146
2021-03-05,2765,8932664,429862,2257,1.01700976691335,1.01776492341897
2021-03-06,2251,8932664,431569,2260.71428571429,1.01831428858165,1.01840465479947
2021-03-07,1948,8932664,433188,2338.57142857143,1.01792494225516,1.01879154898545
2021-03-08,2526,8932664,434994,2386,1.01615878966279,1.01830326638166
2021-03-09,2415,8932664,436874,2379.71428571429,1.0187958099999,1.01850494164832
2021-03-10,2871,8932664,438659,2447.14285714286,1.02509606620043,1.01859399263863
2021-03-11,3053,8932664,440321,2547,1.02562249649567,1.01855908716574
2021-03-12,3033,8932664,442448,2585.28571428571,1.01627475851807,1.01784383416402
2021-03-13,2524,8932664,444468,2624.28571428571,1.00886559234095,1.01724745144517
2021-03-14,1908,8932664,446260,2618.57142857143,1.01014074643545,1.01734836721094
2021-03-15,2759,8932664,448290,2651.85714285714,1.01786335884232,1.0182783090681
2021-03-16,2873,8932664,450369,2717.28571428571,1.02312566962787,1.01853842288481
2021-03-17,3521,8932664,452467,2810.14285714286,1.02337538532332,1.01880273636248
2021-03-18,3220,8932664,454495,2834,1.02017073776285,1.01890451633526
2021-03-19,3649,8932664,457246,2922,1.01874432579237,1.01836873257892
2021-03-20,2693,8932664,459514,2946.14285714286,1.01852656911529,1.01690198540921
2021-03-21,2440,8932664,461181,3022.14285714286,1.01927370424992,1.0145342167645
2021-03-22,3019,8932664,463357,3059.28571428571,1.01812883799865,1.0124888636928
2021-03-23,3542,8932664,465699,3154.85714285714,1.01105957785813,1.00973430644306
2021-03-24,3443,8932664,468008,3143.71428571429,1.0012129122351,1.00671335076345
2021-03-25,3216,8932664,470420,3143.14285714286,0.99372387469527,1.00396741244566
2021-03-26,3303,8932664,473037,3093.71428571429,0.999984770839202,1.00219190537076
2021-03-27,2644,8932664,475835,3086.71428571429,1.00701591554642,1.00104820647681
2021-03-28,3232,8932664,478291,3199.85714285714,1.00521772391566,0.999872649104723
2021-03-29,2798,8932664,481119,3168.28571428571,0.996147237848394,0.997380018142058
2021-03-30,3136,8932664,483639,3110.28571428571,0.990520108253402,0.995407162003793
2021-03-31,3396,8932664,486406,3103.57142857143,0.994288983351118,0.993511094935894
2021-04-01,3091,8932664,489413,3085.71428571429,0.99908556128553,0.991176640506712
2021-04-02,3305,8932664,492467,3086,0.99479601461483,0.987903382678273
2021-04-03,2818,8932664,495362,3110.85714285714,0.982596567282585,0.984506525258034
2021-04-04,2331,8932664,498085,2982.14285714286,0.972454578145886,0.981643193394735
2021-04-05,2008,8932664,501265,2869.28571428571,0.971114305390539,0.980076661802205
2021-04-06,2853,8932664,504804,2828.85714285714,0.975144510706221,0.979601051273496
2021-04-07,2871,8932664,507983,2753.85714285714,0.980042206224822,0.980425214335574
2021-04-08,2514,8932664,511300,2671.42857142857,0.98049479750853,0.98229425731037
2021-04-09,3454,8932664,514611,2692.71428571429,0.979984822868793,0.984604553266587
2021-04-10,1967,8932664,517631,2571.14285714286,0.983087399455707,0.986599193274683
2021-04-11,2060,8932664,520370,2532.42857142857,0.994478471316338,0.989129008155249
2021-04-12,2240,8932664,523429,2565.57142857143,1.00662806048563,0.990747477321265
2021-04-13,3181,8932664,526565,2612.42857142857,1.00434459113024,0.99111425324305
2021-04-14,2736,8932664,529576,2593.14285714286,0.987736859607531,0.989637750207373
2021-04-15,2366,8932664,532339,2572,0.976422451867602,0.987588758842366
2021-04-16,2366,8932664,535378,2416.57142857143,0.97875572415238,0.987488636545685
2021-04-17,2037,8932664,538006,2426.57142857143,0.988528975259969,0.987159745438398
2021-04-18,2013,8932664,540637,2419.85714285714,0.990493949303147,0.986221563151467
2021-04-19,2098,8932664,543059,2399.57142857143,0.982517421433037,0.985216931142776
2021-04-20,2527,8932664,545765,2306.14285714286,0.98411570997933,0.985467859217738
2021-04-21,2617,8932664,548688,2289.14285714286,0.989199083713687,0.986320041465128
2021-04-22,2482,8932664,551321,2305.71428571429,0.991570241001908,0.986300238751993
2021-04-23,1974,8932664,554426,2249.71428571429,0.985588676496744,0.984531528811357
2021-04-24,1897,8932664,556879,2229.71428571429,0.981951407461762,0.983150648058418
2021-04-25,1590,8932664,559150,2169.28571428571,0.982693324076316,0.981916467688585
2021-04-26,1917,8932664,561277,2143.42857142857,0.980785776036908,0.980592342955413
2021-04-27,2278,8932664,563708,2107.85714285714,0.977940654911279,0.978107341867399
2021-04-28,2157,8932664,566371,2042.14285714286,0.974722518377981,0.975506808465002
2021-04-29,2120,8932664,568534,1990.42857142857,0.974597678362472,0.972966806811168
2021-04-30,1668,8932664,571263,1946.71428571429,0.97364629014628,0.969437889095673
2021-05-01,1537,8932664,573464,1895.28571428571,0.969366945846569,0.965633344113843
2021-05-02,1107,8932664,575454,1826.28571428571,0.963795967238421,0.96142617056696
2021-05-03,1446,8932664,577636,1759,0.956078512678966,0.957653473150645
2021-05-04,1725,8932664,580302,1680,0.946445606407841,0.953992623527391
2021-05-05,1392,8932664,582726,1570.71428571429,0.940241372338561,0.950513712956642
2021-05-06,1385,8932664,584938,1465.71428571429,0.941737545564116,0.948332466258193
2021-05-07,1155,8932664,587378,1392.42857142857,0.949162588145084,0.946862330204167
2021-05-08,1063,8932664,589421,1324.71428571429,0.952670964821073,0.945455321276506
2021-05-09,744,8932664,591466,1272.85714285714,0.948437952984996,0.943919165901172
2021-05-10,927,8932664,593442,1198.71428571429,0.943221390451432,0.942757764435417
2021-05-11,1157,8932664,595636,1117.57142857143,0.938780436952289,0.942278691126517
2021-05-12,997,8932664,597785,1061.14285714286,0.935578247739427,0.941725515258521
2021-05-13,848,8932664,599681,984.428571428571,0.932749041810144,0.940601679952511
2021-05-14,639,8932664,601574,910.714285714286,0.936466320701216,0.940779061879985
2021-05-15,686,8932664,603119,856.857142857143,0.946557848626983,0.942623140856275
2021-05-16,521,8932664,604529,825,0.951664087815143,0.945155662633477
2021-05-17,639,8932664,605960,783.857142857143,0.946053582641212,0.947445334622447
2021-05-18,844,8932664,607681,739.142857142857,0.941201522865296,0.949354429284472
2021-05-19,610,8932664,609029,683.857142857143,0.949085798506091,0.951221457116167
2021-05-20,660,8932664,610462,657,0.962233265452228,0.954012961261924
2021-05-21,569,8932664,611754,647,0.968939097779944,0.955525579233242
2021-05-22,510,8932664,612879,621.857142857143,0.962350373038121,0.955802988732454
2021-05-23,350,8932664,613756,597.428571428571,0.94732678972998,0.956184870653004
2021-05-24,407,8932664,614622,564.285714285714,0.944304004048736,0.957289141456473
2021-05-25,486,8932664,615710,513.142857142857,0.953186041736006,0.959996785666822
2021-05-26,609,8932664,616549,513,0.965729109820294,0.963333486994136
2021-05-27,538,8932664,617419,495.571428571429,0.968476084189881,0.964319273721507
2021-05-28,423,8932664,618203,474.714285714286,0.966400777761094,0.965349686205172
2021-05-29,386,8932664,619026,457,0.975169657174713,0.966203541451319
2021-05-30,326,8932664,619689,453.571428571429,0.986241329695792,0.96666968878945
2021-05-31,359,8932664,620372,446.714285714286,0.977647240539248,0.96599172835325
2021-06-01,489,8932664,621223,447.142857142857,0.954321450938727,0.962695392855182
2021-06-02,303,8932664,621838,403.428571428571,0.936127771927453,0.960137655404345
2021-06-03,350,8932664,622394,376.571428571429,0.93881504586239,0.96062920116299
2021-06-04,285,8932664,622874,356.857142857143,0.961563399835127,0.961727604243027
2021-06-05,325,8932664,623433,348.142857142857,0.977355554850442,0.962918614469484
2021-06-06,312,8932664,623801,346.142857142857,0.977735288914597,0.963513528994034
2021-06-07,308,8932664,624302,338.857142857143,0.972094035656681,0.962040735823272
2021-06-08,356,8932664,624906,319.857142857143,0.965792518650669,0.960390311861441
2021-06-09,287,8932664,625389,317.571428571429,0.962723431835059,0.955237517980354
2021-06-10,226,8932664,625858,299.857142857143,0.956690556348611,0.947586569393866
2021-06-11,198,8932664,626285,287.428571428571,0.93951932298225,0.938971387407225
2021-06-12,207,8932664,626735,270.571428571429,0.921841548278891,0.930527240810842
2021-06-13,103,8932664,627048,240.714285714286,0.902806689012058,0.92338645921236
2021-06-14,147,8932664,627450,217.714285714286,0.896790278846066,0.920489146353174
2021-06-15,180,8932664,627813,192.571428571429,0.903143511721685,0.919975300200786
2021-06-16,171,8932664,628152,176,0.917795689614657,0.923075626344747
2021-06-17,131,8932664,628539,162.428571428571,0.92987946198868,0.92725506769555
2021-06-18,149,8932664,628896,155.428571428571,0.943592799120734,0.933250720403412
2021-06-19,108,8932664,629198,141.285714285714,0.957400026219632,0.940330210121539
2021-06-20,115,8932664,629419,143,0.962250448649376,0.945911219865882
2021-06-21,102,8932664,629632,136.571428571429,0.952005065964032,0.948389843789879
2021-06-22,117,8932664,629930,127.571428571429,0.938830926616678,0.949815975980817
2021-06-23,99,8932664,630105,117.285714285714,0.945123498261625,0.952019351327076
2021-06-24,108,8932664,630330,114,0.954373106011327,0.95442604396557
2021-06-25,117,8932664,630507,109.428571428571,0.954301746775815,0.957391661950953
2021-06-26,66,8932664,630675,103.428571428571,0.953233363953364,0.959744153995447
2021-06-27,73,8932664,630841,97.4285714285714,0.963658238555894,0.965369587655233
2021-06-28,93,8932664,631012,96.1428571428571,0.975407069596562,0.971902467463889
2021-06-29,106,8932664,631191,94.5714285714286,0.982746548395739,0.977981503139123
2021-06-30,80,8932664,631357,91.8571428571429,0.984202828323553,0.983832269200201
2021-07-01,108,8932664,631514,91.8571428571429,0.988901450109538,0.992343997881337
2021-07-02,104,8932664,631643,90,0.994242297079899,1.003512072061
2021-07-03,68,8932664,631825,90.2857142857143,1.00052479667743,1.0160287281026
2021-07-04,73,8932664,631911,90.2857142857143,1.01180988318178,1.02938943881729
2021-07-05,104,8932664,632036,91.8571428571429,1.03428383527637,1.04477215210138
2021-07-06,127,8932664,632172,94.8571428571429,1.06976835442537,1.06163422395869
2021-07-07,149,8932664,632303,104.714285714286,1.09611613811461,1.07692687878373
2021-07-08,197,8932664,632422,117.428571428571,1.10307040040378,1.08914907256032
2021-07-09,178,8932664,632527,128,1.10098060960835,1.09810054895563
2021-07-10,154,8932664,632607,140.285714285714,1.10704812702771,1.10628919995916
2021-07-11,184,8932664,632694,156.142857142857,1.11701747421325,1.1112996852596
2021-07-12,245,8932664,632764,176.285714285714,1.11935093224578,1.11125064160952
2021-07-13,273,8932664,632869,197.142857142857,1.1139549375596,1.10727147640888
2021-07-14,301,8932664,632967,218.857142857143,1.11549625107184,1.10129420173943
2021-07-15,353,8932664,633070,241.142857142857,1.11783953114537,1.09448255611491
2021-07-16,429,8932664,633192,277,1.10181439465257,1.08443998571894
2021-07-17,336,8932664,633296,303,1.07317516783095,1.07080398700039
2021-07-18,266,8932664,633409,314.714285714286,1.0484053415444,1.05745389431399
2021-07-19,338,8932664,633545,328,1.04172759137039,1.04596896762593
2021-07-20,362,8932664,633710,340.714285714286,1.04085626039032,1.03574002485316
2021-07-21,419,8932664,633881,357.571428571429,1.02569982627974,1.02779411816803
2021-07-22,420,8932664,634070,367.142857142857,1.00461525478004,1.02117710176488
2021-07-23,344,8932664,634298,355,0.99469351521134,1.01890678434387
2021-07-24,323,8932664,634548,353.142857142857,1.00106227622569,1.02123758880093
2021-07-25,315,8932664,634740,360.142857142857,1.02202280951125,1.02471909820144
2021-07-26,367,8932664,635000,364.285714285714,1.03722316649946,1.02849650667279
2021-07-27,552,8932664,635284,391.428571428571,1.04347930454769,1.0311884934335
2021-07-28,504,8932664,635598,403.571428571429,1.04748620838022,1.03294266543491
2021-07-29,535,8932664,635883,420,1.04653623694457,1.03350455455036
2021-07-30,543,8932664,636260,448.428571428572,1.04061717121862,1.03111879836415
2021-07-31,420,8932664,636595,462.285714285714,1.02606921570951,1.02668358233675
2021-08-01,346,8932664,636908,466.714285714286,1.01441590008065,1.02301048749639
2021-08-02,404,8932664,637210,472,1.0099434263772,1.0199133531869
2021-08-03,599,8932664,637582,478.714285714286,1.00962910878749,1.01931190442381
2021-08-04,501,8932664,637974,478.285714285714,1.01019495734459,1.02086454059432
2021-08-05,602,8932664,638422,487.857142857143,1.01666944915015,
2021-08-06,573,8932664,638832,492.142857142857,1.02510608060289,
2021-08-07,569,8932664,639219,513.428571428571,1.03441821550872,
2021-08-08,440,8932664,639568,526.857142857143,1.04713203745695,
2021-08-09,620,8932664,639927,557.714285714286,,
2021-08-10,865,8932664,640382,595.714285714286,,
